-- V3__comprehensive_test_data.sql
-- Données de test complètes pour tests grandeur nature
-- ~180 CRs couvrant tous les rôles sur 25 jours

-- =====================================================
-- NOUVEAUX UTILISATEURS
-- =====================================================

-- FD sans disciples (Bruxelles Ixelles)
INSERT INTO utilisateur (id, email, nom, prenom, role, eglise_maison_id, statut, telephone, date_bapteme) VALUES
    ('d1000000-0000-0000-0000-000000000025', 'fd.bruxelles@cmci.org', 'VANDENBERGHE', 'Anne', 'FD', 'e1000000-0000-0000-0000-000000000006', 'ACTIF', '+32400000020', '2013-06-20') ON CONFLICT DO NOTHING;
-- Fidèles SANS FD assigné
INSERT INTO utilisateur (id, email, nom, prenom, role, eglise_maison_id, statut, telephone, date_bapteme, date_naissance) VALUES
    ('d1000000-0000-0000-0000-000000000040', 'fidele.libre1@cmci.org', 'KOUASSI', 'Grâce', 'FIDELE', 'e1000000-0000-0000-0000-000000000001', 'ACTIF', '+33600000040', '2023-01-15', '1994-06-18'),
    ('d1000000-0000-0000-0000-000000000041', 'fidele.libre2@cmci.org', 'NDONG', 'Michel', 'FIDELE', 'e1000000-0000-0000-0000-000000000004', 'ACTIF', '+33600000041', '2022-09-10', '1989-11-25'),
    ('d1000000-0000-0000-0000-000000000042', 'fidele.libre3@cmci.org', 'PATEL', 'Sarah', 'FIDELE', 'e1000000-0000-0000-0000-000000000006', 'ACTIF', '+32400000042', '2024-03-08', '1998-02-14') ON CONFLICT DO NOTHING;
-- Fidèle sous FD Marie
INSERT INTO utilisateur (id, email, nom, prenom, role, eglise_maison_id, fd_id, statut, telephone, date_bapteme, date_naissance) VALUES
    ('d1000000-0000-0000-0000-000000000043', 'fidele7@cmci.org', 'NGOMA', 'Daniel', 'FIDELE', 'e1000000-0000-0000-0000-000000000001', 'd1000000-0000-0000-0000-000000000020', 'ACTIF', '+33600000043', '2021-05-20', '1993-08-30') ON CONFLICT DO NOTHING;
-- =====================================================
-- CRs POUR LES 5 FDs (7 CRs chacun sur 25 jours)
-- =====================================================

-- FD Marie (fd@cmci.org) - d1000000-...000020
INSERT INTO compte_rendu (id, utilisateur_id, date, rdqd, priere_seule, lecture_biblique, livre_biblique, litterature_pages, litterature_total, litterature_titre, priere_autres, confession, jeune, evangelisation, offrande, notes, statut, vu_par_fd) VALUES
    ('f2000000-0000-0000-0000-000000000001', 'd1000000-0000-0000-0000-000000000020', CURRENT_DATE - INTERVAL '1 day', '1/1', '01:00:00', 6, 'Genèse', 20, 120, 'Le Chemin de la Croix', 5, true, false, 2, true, 'Temps de prière pour mes disciples. Lecture de Genèse 1-6.', 'SOUMIS', false),
    ('f2000000-0000-0000-0000-000000000002', 'd1000000-0000-0000-0000-000000000020', CURRENT_DATE - INTERVAL '4 days', '1/1', '01:15:00', 8, 'Genèse', 25, 120, 'Le Chemin de la Croix', 7, true, true, 3, true, 'Jeûne et prière pour le groupe. Lecture approfondie.', 'VALIDE', false),
    ('f2000000-0000-0000-0000-000000000003', 'd1000000-0000-0000-0000-000000000020', CURRENT_DATE - INTERVAL '7 days', '1/1', '00:45:00', 4, 'Psaumes', 15, 120, 'Le Chemin de la Croix', 4, true, false, 1, true, 'Méditation sur les Psaumes. Encouragement des fidèles.', 'VALIDE', false),
    ('f2000000-0000-0000-0000-000000000004', 'd1000000-0000-0000-0000-000000000020', CURRENT_DATE - INTERVAL '10 days', '1/1', '01:30:00', 10, 'Exode', 30, 120, 'Le Chemin de la Croix', 8, true, false, 4, true, 'Réveil matinal. Lecture intensive d Exode.', 'VALIDE', false),
    ('f2000000-0000-0000-0000-000000000005', 'd1000000-0000-0000-0000-000000000020', CURRENT_DATE - INTERVAL '14 days', '1/1', '00:50:00', 5, 'Proverbes', 10, 200, 'La Sagesse Divine', 3, true, true, 0, true, 'Jour de jeûne. Méditation sur la sagesse.', 'VALIDE', false),
    ('f2000000-0000-0000-0000-000000000006', 'd1000000-0000-0000-0000-000000000020', CURRENT_DATE - INTERVAL '18 days', '0/1', '00:30:00', 3, 'Jean', 8, 200, 'La Sagesse Divine', 2, false, false, 1, false, 'Journée chargée. Minimum de lecture.', 'SOUMIS', false),
    ('f2000000-0000-0000-0000-000000000007', 'd1000000-0000-0000-0000-000000000020', CURRENT_DATE - INTERVAL '22 days', '1/1', '01:10:00', 7, 'Romains', 18, 200, 'La Sagesse Divine', 6, true, false, 2, true, 'Belle journée de communion. Étude de Romains 8.', 'VALIDE', false) ON CONFLICT DO NOTHING;
-- FD Sophie (fd2@cmci.org) - d1000000-...000021
INSERT INTO compte_rendu (id, utilisateur_id, date, rdqd, priere_seule, lecture_biblique, livre_biblique, litterature_pages, litterature_total, litterature_titre, priere_autres, confession, jeune, evangelisation, offrande, notes, statut, vu_par_fd) VALUES
    ('f2000000-0000-0000-0000-000000000010', 'd1000000-0000-0000-0000-000000000021', CURRENT_DATE - INTERVAL '1 day', '1/1', '00:55:00', 5, 'Matthieu', 12, 150, 'Connaitre Christ', 4, true, false, 1, true, 'Lecture de Matthieu 5-7. Sermon sur la montagne.', 'SOUMIS', false),
    ('f2000000-0000-0000-0000-000000000011', 'd1000000-0000-0000-0000-000000000021', CURRENT_DATE - INTERVAL '3 days', '1/1', '01:00:00', 6, 'Matthieu', 18, 150, 'Connaitre Christ', 5, true, false, 2, true, 'Suite de Matthieu. Paraboles du Royaume.', 'VALIDE', false),
    ('f2000000-0000-0000-0000-000000000012', 'd1000000-0000-0000-0000-000000000021', CURRENT_DATE - INTERVAL '6 days', '1/1', '01:20:00', 8, 'Marc', 22, 150, 'Connaitre Christ', 6, true, true, 3, true, 'Jeûne et prière. Lecture de Marc.', 'VALIDE', false),
    ('f2000000-0000-0000-0000-000000000013', 'd1000000-0000-0000-0000-000000000021', CURRENT_DATE - INTERVAL '9 days', '1/1', '00:40:00', 4, 'Luc', 10, 150, 'Connaitre Christ', 3, true, false, 0, true, 'Méditation sur Luc 15. Paraboles de la grâce.', 'VALIDE', false),
    ('f2000000-0000-0000-0000-000000000014', 'd1000000-0000-0000-0000-000000000021', CURRENT_DATE - INTERVAL '13 days', '1/1', '00:50:00', 5, 'Jean', 14, 80, 'La Vie Abondante', 4, true, false, 1, true, 'Évangile de Jean chapitres 14-16.', 'SOUMIS', false),
    ('f2000000-0000-0000-0000-000000000015', 'd1000000-0000-0000-0000-000000000021', CURRENT_DATE - INTERVAL '17 days', '1/1', '01:05:00', 7, 'Actes', 16, 80, 'La Vie Abondante', 5, true, false, 2, true, 'Étude des Actes. Le Saint-Esprit à l oeuvre.', 'VALIDE', false),
    ('f2000000-0000-0000-0000-000000000016', 'd1000000-0000-0000-0000-000000000021', CURRENT_DATE - INTERVAL '21 days', '1/1', '00:45:00', 4, 'Éphésiens', 12, 80, 'La Vie Abondante', 3, true, false, 1, true, 'Épître aux Éphésiens. L armure de Dieu.', 'VALIDE', false) ON CONFLICT DO NOTHING;
-- FD Claire (fd3@cmci.org) - d1000000-...000022
INSERT INTO compte_rendu (id, utilisateur_id, date, rdqd, priere_seule, lecture_biblique, livre_biblique, litterature_pages, litterature_total, litterature_titre, priere_autres, confession, jeune, evangelisation, offrande, notes, statut, vu_par_fd) VALUES
    ('f2000000-0000-0000-0000-000000000020', 'd1000000-0000-0000-0000-000000000022', CURRENT_DATE - INTERVAL '2 days', '1/1', '01:10:00', 7, '1 Corinthiens', 20, 100, 'La Prière Efficace', 5, true, false, 2, true, 'Étude de 1 Corinthiens 12-14. Les dons spirituels.', 'SOUMIS', false),
    ('f2000000-0000-0000-0000-000000000021', 'd1000000-0000-0000-0000-000000000022', CURRENT_DATE - INTERVAL '5 days', '1/1', '00:50:00', 5, '2 Corinthiens', 15, 100, 'La Prière Efficace', 4, true, true, 1, true, 'Jeûne. Lecture de 2 Corinthiens.', 'VALIDE', false),
    ('f2000000-0000-0000-0000-000000000022', 'd1000000-0000-0000-0000-000000000022', CURRENT_DATE - INTERVAL '8 days', '1/1', '01:00:00', 6, 'Galates', 18, 100, 'La Prière Efficace', 6, true, false, 3, true, 'Galates - La liberté en Christ.', 'VALIDE', false),
    ('f2000000-0000-0000-0000-000000000023', 'd1000000-0000-0000-0000-000000000022', CURRENT_DATE - INTERVAL '11 days', '1/1', '00:40:00', 4, 'Philippiens', 10, 100, 'La Prière Efficace', 3, true, false, 0, true, 'Philippiens - La joie dans le Seigneur.', 'VALIDE', false),
    ('f2000000-0000-0000-0000-000000000024', 'd1000000-0000-0000-0000-000000000022', CURRENT_DATE - INTERVAL '15 days', '1/1', '01:15:00', 8, 'Colossiens', 22, 150, 'Marcher avec Dieu', 7, true, false, 2, true, 'Colossiens - La suprématie de Christ.', 'SOUMIS', false),
    ('f2000000-0000-0000-0000-000000000025', 'd1000000-0000-0000-0000-000000000022', CURRENT_DATE - INTERVAL '19 days', '1/1', '00:55:00', 5, 'Hébreux', 14, 150, 'Marcher avec Dieu', 4, true, true, 1, true, 'Hébreux - La foi des anciens.', 'VALIDE', false),
    ('f2000000-0000-0000-0000-000000000026', 'd1000000-0000-0000-0000-000000000022', CURRENT_DATE - INTERVAL '23 days', '1/1', '01:05:00', 6, 'Jacques', 16, 150, 'Marcher avec Dieu', 5, true, false, 2, true, 'Jacques - La foi et les oeuvres.', 'VALIDE', false) ON CONFLICT DO NOTHING;
-- FD Isabelle Lyon (fd.lyon@cmci.org) - d1000000-...000023
INSERT INTO compte_rendu (id, utilisateur_id, date, rdqd, priere_seule, lecture_biblique, livre_biblique, litterature_pages, litterature_total, litterature_titre, priere_autres, confession, jeune, evangelisation, offrande, notes, statut, vu_par_fd) VALUES
    ('f2000000-0000-0000-0000-000000000030', 'd1000000-0000-0000-0000-000000000023', CURRENT_DATE - INTERVAL '1 day', '1/1', '01:00:00', 6, 'Ésaïe', 15, 180, 'Les Prophètes', 5, true, false, 1, true, 'Ésaïe 40-45. La consolation d Israël.', 'SOUMIS', false),
    ('f2000000-0000-0000-0000-000000000031', 'd1000000-0000-0000-0000-000000000023', CURRENT_DATE - INTERVAL '4 days', '1/1', '01:20:00', 9, 'Jérémie', 25, 180, 'Les Prophètes', 7, true, true, 2, true, 'Jeûne et prière. Jérémie.', 'VALIDE', false),
    ('f2000000-0000-0000-0000-000000000032', 'd1000000-0000-0000-0000-000000000023', CURRENT_DATE - INTERVAL '8 days', '1/1', '00:45:00', 4, 'Ézéchiel', 12, 180, 'Les Prophètes', 3, true, false, 0, true, 'Ézéchiel - Les visions.', 'VALIDE', false),
    ('f2000000-0000-0000-0000-000000000033', 'd1000000-0000-0000-0000-000000000023', CURRENT_DATE - INTERVAL '12 days', '1/1', '00:55:00', 5, 'Daniel', 14, 180, 'Les Prophètes', 4, true, false, 3, true, 'Daniel - La fidélité dans l épreuve.', 'VALIDE', false),
    ('f2000000-0000-0000-0000-000000000034', 'd1000000-0000-0000-0000-000000000023', CURRENT_DATE - INTERVAL '16 days', '1/1', '01:10:00', 7, 'Osée', 18, 100, 'L Amour de Dieu', 6, true, false, 1, true, 'Osée - L amour fidèle de Dieu.', 'SOUMIS', false),
    ('f2000000-0000-0000-0000-000000000035', 'd1000000-0000-0000-0000-000000000023', CURRENT_DATE - INTERVAL '20 days', '1/1', '00:50:00', 5, 'Michée', 10, 100, 'L Amour de Dieu', 4, true, true, 2, true, 'Michée 6:8 - Ce que Dieu demande.', 'VALIDE', false),
    ('f2000000-0000-0000-0000-000000000036', 'd1000000-0000-0000-0000-000000000023', CURRENT_DATE - INTERVAL '24 days', '1/1', '01:00:00', 6, 'Malachie', 15, 100, 'L Amour de Dieu', 5, true, false, 1, true, 'Malachie - Le messager de l alliance.', 'VALIDE', false) ON CONFLICT DO NOTHING;
-- FD Ruth Douala (fd.douala@cmci.org) - d1000000-...000024
INSERT INTO compte_rendu (id, utilisateur_id, date, rdqd, priere_seule, lecture_biblique, livre_biblique, litterature_pages, litterature_total, litterature_titre, priere_autres, confession, jeune, evangelisation, offrande, notes, statut, vu_par_fd) VALUES
    ('f2000000-0000-0000-0000-000000000040', 'd1000000-0000-0000-0000-000000000024', CURRENT_DATE - INTERVAL '2 days', '1/1', '01:30:00', 10, 'Apocalypse', 20, 200, 'Les Temps de la Fin', 8, true, false, 5, true, 'Apocalypse 1-3. Les lettres aux églises.', 'SOUMIS', false),
    ('f2000000-0000-0000-0000-000000000041', 'd1000000-0000-0000-0000-000000000024', CURRENT_DATE - INTERVAL '5 days', '1/1', '01:45:00', 12, 'Apocalypse', 30, 200, 'Les Temps de la Fin', 10, true, true, 7, true, 'Jeûne prolongé. Réveil à 4h. Évangélisation au marché.', 'VALIDE', false),
    ('f2000000-0000-0000-0000-000000000042', 'd1000000-0000-0000-0000-000000000024', CURRENT_DATE - INTERVAL '9 days', '1/1', '01:00:00', 7, '1 Pierre', 15, 200, 'Les Temps de la Fin', 5, true, false, 3, true, '1 Pierre - L espérance vivante.', 'VALIDE', false),
    ('f2000000-0000-0000-0000-000000000043', 'd1000000-0000-0000-0000-000000000024', CURRENT_DATE - INTERVAL '13 days', '1/1', '01:15:00', 8, '2 Pierre', 18, 200, 'Les Temps de la Fin', 6, true, false, 4, true, '2 Pierre - Croître dans la grâce.', 'VALIDE', false),
    ('f2000000-0000-0000-0000-000000000044', 'd1000000-0000-0000-0000-000000000024', CURRENT_DATE - INTERVAL '17 days', '1/1', '02:00:00', 15, '1 Jean', 25, 120, 'La Communion Fraternelle', 9, true, true, 6, true, 'Nuit de prière. 1 Jean - Dieu est amour.', 'SOUMIS', false),
    ('f2000000-0000-0000-0000-000000000045', 'd1000000-0000-0000-0000-000000000024', CURRENT_DATE - INTERVAL '21 days', '1/1', '01:20:00', 9, 'Jude', 20, 120, 'La Communion Fraternelle', 7, true, false, 4, true, 'Jude - Combattre pour la foi.', 'VALIDE', false),
    ('f2000000-0000-0000-0000-000000000046', 'd1000000-0000-0000-0000-000000000024', CURRENT_DATE - INTERVAL '25 days', '1/1', '01:10:00', 7, 'Romains', 16, 120, 'La Communion Fraternelle', 5, true, false, 3, true, 'Romains 12 - Le sacrifice vivant.', 'VALIDE', false) ON CONFLICT DO NOTHING;
-- =====================================================
-- CRs POUR LES 6 LEADERS (7 CRs chacun)
-- =====================================================

-- Leader Pierre (leader@cmci.org) - d1000000-...000010
INSERT INTO compte_rendu (id, utilisateur_id, date, rdqd, priere_seule, lecture_biblique, livre_biblique, litterature_pages, litterature_total, litterature_titre, priere_autres, confession, jeune, evangelisation, offrande, notes, statut, vu_par_fd) VALUES
    ('f3000000-0000-0000-0000-000000000001', 'd1000000-0000-0000-0000-000000000010', CURRENT_DATE - INTERVAL '1 day', '1/1', '01:15:00', 8, 'Actes', 20, 160, 'Le Leadership Chrétien', 6, true, false, 3, true, 'Actes 2 - La naissance de l église. Préparation de la réunion EM.', 'SOUMIS', false),
    ('f3000000-0000-0000-0000-000000000002', 'd1000000-0000-0000-0000-000000000010', CURRENT_DATE - INTERVAL '3 days', '1/1', '01:30:00', 10, 'Actes', 25, 160, 'Le Leadership Chrétien', 8, true, true, 4, true, 'Jeûne pour l église de maison. Actes 6-7.', 'VALIDE', false),
    ('f3000000-0000-0000-0000-000000000003', 'd1000000-0000-0000-0000-000000000010', CURRENT_DATE - INTERVAL '6 days', '1/1', '00:50:00', 5, '1 Timothée', 15, 160, 'Le Leadership Chrétien', 4, true, false, 2, true, '1 Timothée - Instructions pastorales.', 'VALIDE', false),
    ('f3000000-0000-0000-0000-000000000004', 'd1000000-0000-0000-0000-000000000010', CURRENT_DATE - INTERVAL '10 days', '1/1', '01:00:00', 6, '2 Timothée', 18, 160, 'Le Leadership Chrétien', 5, true, false, 1, true, '2 Timothée - Le bon combat de la foi.', 'VALIDE', false),
    ('f3000000-0000-0000-0000-000000000005', 'd1000000-0000-0000-0000-000000000010', CURRENT_DATE - INTERVAL '14 days', '1/1', '01:20:00', 8, 'Tite', 22, 100, 'Servir avec Excellence', 7, true, true, 3, true, 'Tite - L ordre dans l église. Jeûne.', 'SOUMIS', false),
    ('f3000000-0000-0000-0000-000000000006', 'd1000000-0000-0000-0000-000000000010', CURRENT_DATE - INTERVAL '19 days', '1/1', '00:45:00', 4, 'Néhémie', 12, 100, 'Servir avec Excellence', 3, true, false, 2, true, 'Néhémie - Reconstruire les murs. Application au leadership.', 'VALIDE', false),
    ('f3000000-0000-0000-0000-000000000007', 'd1000000-0000-0000-0000-000000000010', CURRENT_DATE - INTERVAL '23 days', '1/1', '01:05:00', 7, 'Josué', 16, 100, 'Servir avec Excellence', 5, true, false, 1, true, 'Josué - Prendre possession des promesses.', 'VALIDE', false) ON CONFLICT DO NOTHING;
-- Leader Thomas (leader2@cmci.org) - d1000000-...000011
INSERT INTO compte_rendu (id, utilisateur_id, date, rdqd, priere_seule, lecture_biblique, livre_biblique, litterature_pages, litterature_total, litterature_titre, priere_autres, confession, jeune, evangelisation, offrande, notes, statut, vu_par_fd) VALUES
    ('f3000000-0000-0000-0000-000000000010', 'd1000000-0000-0000-0000-000000000011', CURRENT_DATE - INTERVAL '2 days', '1/1', '00:55:00', 5, 'Genèse', 14, 140, 'Les Fondements', 4, true, false, 1, true, 'Genèse - Les origines. Création et chute.', 'SOUMIS', false),
    ('f3000000-0000-0000-0000-000000000011', 'd1000000-0000-0000-0000-000000000011', CURRENT_DATE - INTERVAL '5 days', '1/1', '01:00:00', 6, 'Exode', 16, 140, 'Les Fondements', 5, true, false, 2, true, 'Exode - La délivrance du peuple.', 'VALIDE', false),
    ('f3000000-0000-0000-0000-000000000012', 'd1000000-0000-0000-0000-000000000011', CURRENT_DATE - INTERVAL '8 days', '1/1', '01:15:00', 8, 'Lévitique', 20, 140, 'Les Fondements', 6, true, true, 0, true, 'Lévitique - La sainteté. Jeûne.', 'VALIDE', false),
    ('f3000000-0000-0000-0000-000000000013', 'd1000000-0000-0000-0000-000000000011', CURRENT_DATE - INTERVAL '12 days', '1/1', '00:40:00', 4, 'Nombres', 10, 140, 'Les Fondements', 3, true, false, 1, true, 'Nombres - Le voyage dans le désert.', 'VALIDE', false),
    ('f3000000-0000-0000-0000-000000000014', 'd1000000-0000-0000-0000-000000000011', CURRENT_DATE - INTERVAL '16 days', '1/1', '00:50:00', 5, 'Deutéronome', 14, 100, 'La Loi de Dieu', 4, true, false, 2, true, 'Deutéronome - Les discours de Moïse.', 'SOUMIS', false),
    ('f3000000-0000-0000-0000-000000000015', 'd1000000-0000-0000-0000-000000000011', CURRENT_DATE - INTERVAL '20 days', '1/1', '01:10:00', 7, 'Juges', 18, 100, 'La Loi de Dieu', 5, true, false, 3, true, 'Juges - Le cycle de désobéissance.', 'VALIDE', false),
    ('f3000000-0000-0000-0000-000000000016', 'd1000000-0000-0000-0000-000000000011', CURRENT_DATE - INTERVAL '24 days', '1/1', '01:00:00', 6, 'Ruth', 15, 100, 'La Loi de Dieu', 4, true, true, 1, true, 'Ruth - La loyauté et la rédemption.', 'VALIDE', false) ON CONFLICT DO NOTHING;
-- Leader François (leader3@cmci.org) - d1000000-...000012
INSERT INTO compte_rendu (id, utilisateur_id, date, rdqd, priere_seule, lecture_biblique, livre_biblique, litterature_pages, litterature_total, litterature_titre, priere_autres, confession, jeune, evangelisation, offrande, notes, statut, vu_par_fd) VALUES
    ('f3000000-0000-0000-0000-000000000020', 'd1000000-0000-0000-0000-000000000012', CURRENT_DATE - INTERVAL '1 day', '1/1', '01:00:00', 6, '1 Samuel', 16, 130, 'Les Hommes de Dieu', 5, true, false, 2, true, '1 Samuel - David et Goliath. Le courage de la foi.', 'SOUMIS', false),
    ('f3000000-0000-0000-0000-000000000021', 'd1000000-0000-0000-0000-000000000012', CURRENT_DATE - INTERVAL '4 days', '1/1', '01:20:00', 8, '2 Samuel', 20, 130, 'Les Hommes de Dieu', 7, true, false, 3, true, '2 Samuel - Le règne de David.', 'VALIDE', false),
    ('f3000000-0000-0000-0000-000000000022', 'd1000000-0000-0000-0000-000000000012', CURRENT_DATE - INTERVAL '7 days', '1/1', '00:45:00', 4, '1 Rois', 12, 130, 'Les Hommes de Dieu', 3, true, true, 1, true, '1 Rois - Salomon et la sagesse. Jeûne.', 'VALIDE', false),
    ('f3000000-0000-0000-0000-000000000023', 'd1000000-0000-0000-0000-000000000012', CURRENT_DATE - INTERVAL '11 days', '1/1', '00:55:00', 5, '2 Rois', 14, 130, 'Les Hommes de Dieu', 4, true, false, 0, true, '2 Rois - Les prophètes Élie et Élisée.', 'VALIDE', false),
    ('f3000000-0000-0000-0000-000000000024', 'd1000000-0000-0000-0000-000000000012', CURRENT_DATE - INTERVAL '15 days', '1/1', '01:10:00', 7, '1 Chroniques', 18, 90, 'L Histoire Sainte', 6, true, false, 2, true, '1 Chroniques - Les généalogies et le temple.', 'SOUMIS', false),
    ('f3000000-0000-0000-0000-000000000025', 'd1000000-0000-0000-0000-000000000012', CURRENT_DATE - INTERVAL '20 days', '1/1', '01:00:00', 6, 'Esdras', 15, 90, 'L Histoire Sainte', 5, true, true, 1, true, 'Esdras - Le retour d exil.', 'VALIDE', false),
    ('f3000000-0000-0000-0000-000000000026', 'd1000000-0000-0000-0000-000000000012', CURRENT_DATE - INTERVAL '24 days', '1/1', '00:50:00', 5, 'Néhémie', 13, 90, 'L Histoire Sainte', 4, true, false, 2, true, 'Néhémie - La reconstruction.', 'VALIDE', false) ON CONFLICT DO NOTHING;
-- Leader Philippe Lyon (leader.lyon@cmci.org) - d1000000-...000013
INSERT INTO compte_rendu (id, utilisateur_id, date, rdqd, priere_seule, lecture_biblique, livre_biblique, litterature_pages, litterature_total, litterature_titre, priere_autres, confession, jeune, evangelisation, offrande, notes, statut, vu_par_fd) VALUES
    ('f3000000-0000-0000-0000-000000000030', 'd1000000-0000-0000-0000-000000000013', CURRENT_DATE - INTERVAL '2 days', '1/1', '01:05:00', 7, 'Romains', 17, 170, 'La Justification', 5, true, false, 2, true, 'Romains 1-4. La justification par la foi.', 'SOUMIS', false),
    ('f3000000-0000-0000-0000-000000000031', 'd1000000-0000-0000-0000-000000000013', CURRENT_DATE - INTERVAL '5 days', '1/1', '01:25:00', 9, 'Romains', 22, 170, 'La Justification', 7, true, true, 3, true, 'Romains 5-8. Pas de condamnation. Jeûne.', 'VALIDE', false),
    ('f3000000-0000-0000-0000-000000000032', 'd1000000-0000-0000-0000-000000000013', CURRENT_DATE - INTERVAL '9 days', '1/1', '00:50:00', 5, 'Romains', 14, 170, 'La Justification', 4, true, false, 1, true, 'Romains 9-11. Le mystère d Israël.', 'VALIDE', false),
    ('f3000000-0000-0000-0000-000000000033', 'd1000000-0000-0000-0000-000000000013', CURRENT_DATE - INTERVAL '13 days', '1/1', '01:00:00', 6, 'Romains', 16, 170, 'La Justification', 5, true, false, 2, true, 'Romains 12-16. La vie pratique.', 'VALIDE', false),
    ('f3000000-0000-0000-0000-000000000034', 'd1000000-0000-0000-0000-000000000013', CURRENT_DATE - INTERVAL '17 days', '1/1', '01:15:00', 8, 'Galates', 20, 110, 'La Liberté en Christ', 6, true, false, 4, true, 'Galates - La liberté chrétienne.', 'SOUMIS', false),
    ('f3000000-0000-0000-0000-000000000035', 'd1000000-0000-0000-0000-000000000013', CURRENT_DATE - INTERVAL '21 days', '1/1', '00:45:00', 4, 'Philippiens', 12, 110, 'La Liberté en Christ', 3, true, true, 1, true, 'Philippiens - La joie. Jeûne.', 'VALIDE', false),
    ('f3000000-0000-0000-0000-000000000036', 'd1000000-0000-0000-0000-000000000013', CURRENT_DATE - INTERVAL '25 days', '1/1', '00:55:00', 5, '1 Thessaloniciens', 14, 110, 'La Liberté en Christ', 4, true, false, 2, true, '1 Thessaloniciens - Le retour de Christ.', 'VALIDE', false) ON CONFLICT DO NOTHING;
-- Leader Luc Bruxelles (leader.bruxelles@cmci.org) - d1000000-...000014
INSERT INTO compte_rendu (id, utilisateur_id, date, rdqd, priere_seule, lecture_biblique, livre_biblique, litterature_pages, litterature_total, litterature_titre, priere_autres, confession, jeune, evangelisation, offrande, notes, statut, vu_par_fd) VALUES
    ('f3000000-0000-0000-0000-000000000040', 'd1000000-0000-0000-0000-000000000014', CURRENT_DATE - INTERVAL '1 day', '1/1', '00:50:00', 5, 'Psaumes', 13, 120, 'La Louange', 4, true, false, 1, true, 'Psaumes de louange. Préparation culte.', 'SOUMIS', false),
    ('f3000000-0000-0000-0000-000000000041', 'd1000000-0000-0000-0000-000000000014', CURRENT_DATE - INTERVAL '4 days', '1/1', '01:00:00', 6, 'Psaumes', 16, 120, 'La Louange', 5, true, false, 2, true, 'Psaumes 23, 91, 121. La protection divine.', 'VALIDE', false),
    ('f3000000-0000-0000-0000-000000000042', 'd1000000-0000-0000-0000-000000000014', CURRENT_DATE - INTERVAL '7 days', '1/1', '01:20:00', 8, 'Psaumes', 20, 120, 'La Louange', 7, true, true, 3, true, 'Jeûne. Psaumes de repentance.', 'VALIDE', false),
    ('f3000000-0000-0000-0000-000000000043', 'd1000000-0000-0000-0000-000000000014', CURRENT_DATE - INTERVAL '11 days', '1/1', '00:40:00', 4, 'Proverbes', 10, 120, 'La Louange', 3, true, false, 0, true, 'Proverbes - La sagesse pratique.', 'VALIDE', false),
    ('f3000000-0000-0000-0000-000000000044', 'd1000000-0000-0000-0000-000000000014', CURRENT_DATE - INTERVAL '15 days', '1/1', '00:55:00', 5, 'Ecclésiaste', 14, 80, 'La Vanité du Monde', 4, true, false, 1, true, 'Ecclésiaste - La vanité des vanités.', 'SOUMIS', false),
    ('f3000000-0000-0000-0000-000000000045', 'd1000000-0000-0000-0000-000000000014', CURRENT_DATE - INTERVAL '19 days', '1/1', '01:10:00', 7, 'Cantique', 18, 80, 'La Vanité du Monde', 6, true, false, 2, true, 'Cantique des Cantiques - L amour divin.', 'VALIDE', false),
    ('f3000000-0000-0000-0000-000000000046', 'd1000000-0000-0000-0000-000000000014', CURRENT_DATE - INTERVAL '23 days', '1/1', '01:00:00', 6, 'Job', 15, 80, 'La Vanité du Monde', 5, true, true, 1, true, 'Job - La souffrance et la foi.', 'VALIDE', false) ON CONFLICT DO NOTHING;
-- Leader Emmanuel Douala (leader.douala@cmci.org) - d1000000-...000015
INSERT INTO compte_rendu (id, utilisateur_id, date, rdqd, priere_seule, lecture_biblique, livre_biblique, litterature_pages, litterature_total, litterature_titre, priere_autres, confession, jeune, evangelisation, offrande, notes, statut, vu_par_fd) VALUES
    ('f3000000-0000-0000-0000-000000000050', 'd1000000-0000-0000-0000-000000000015', CURRENT_DATE - INTERVAL '2 days', '1/1', '01:30:00', 10, 'Actes', 22, 190, 'L Évangélisation', 8, true, false, 6, true, 'Actes 1-4. La puissance du Saint-Esprit. Évangélisation intense.', 'SOUMIS', false),
    ('f3000000-0000-0000-0000-000000000051', 'd1000000-0000-0000-0000-000000000015', CURRENT_DATE - INTERVAL '5 days', '1/1', '01:45:00', 12, 'Actes', 28, 190, 'L Évangélisation', 10, true, true, 8, true, 'Nuit de prière. Actes 8-10. Jeûne. Grande campagne.', 'VALIDE', false),
    ('f3000000-0000-0000-0000-000000000052', 'd1000000-0000-0000-0000-000000000015', CURRENT_DATE - INTERVAL '9 days', '1/1', '01:00:00', 7, 'Actes', 16, 190, 'L Évangélisation', 5, true, false, 4, true, 'Actes 13-15. Les voyages missionnaires.', 'VALIDE', false),
    ('f3000000-0000-0000-0000-000000000053', 'd1000000-0000-0000-0000-000000000015', CURRENT_DATE - INTERVAL '13 days', '1/1', '01:15:00', 8, 'Actes', 20, 190, 'L Évangélisation', 7, true, false, 5, true, 'Actes 16-20. Paul en Europe.', 'VALIDE', false),
    ('f3000000-0000-0000-0000-000000000054', 'd1000000-0000-0000-0000-000000000015', CURRENT_DATE - INTERVAL '17 days', '1/1', '02:00:00', 15, 'Actes', 30, 130, 'Le Réveil', 9, true, true, 10, true, 'Veillée de prière. Actes 21-28. Grande récolte.', 'SOUMIS', false),
    ('f3000000-0000-0000-0000-000000000055', 'd1000000-0000-0000-0000-000000000015', CURRENT_DATE - INTERVAL '22 days', '1/1', '01:20:00', 9, 'Matthieu', 24, 130, 'Le Réveil', 7, true, false, 5, true, 'Matthieu 28 - Le grand mandat.', 'VALIDE', false),
    ('f3000000-0000-0000-0000-000000000056', 'd1000000-0000-0000-0000-000000000015', CURRENT_DATE - INTERVAL '25 days', '1/1', '01:10:00', 7, 'Marc', 18, 130, 'Le Réveil', 6, true, false, 3, true, 'Marc 16 - Les signes des croyants.', 'VALIDE', false) ON CONFLICT DO NOTHING;
-- =====================================================
-- CRs POUR LES 4 PASTEURS (7 CRs chacun)
-- =====================================================

-- Pasteur Jean Paris (pasteur@cmci.org) - d1000000-...000002
INSERT INTO compte_rendu (id, utilisateur_id, date, rdqd, priere_seule, lecture_biblique, livre_biblique, litterature_pages, litterature_total, litterature_titre, priere_autres, confession, jeune, evangelisation, offrande, notes, statut, vu_par_fd) VALUES
    ('f4000000-0000-0000-0000-000000000001', 'd1000000-0000-0000-0000-000000000002', CURRENT_DATE - INTERVAL '1 day', '1/1', '01:30:00', 10, 'Ésaïe', 25, 200, 'Le Ministère Pastoral', 8, true, false, 3, true, 'Ésaïe 6 - Me voici, envoie-moi. Préparation du message dominical.', 'SOUMIS', false),
    ('f4000000-0000-0000-0000-000000000002', 'd1000000-0000-0000-0000-000000000002', CURRENT_DATE - INTERVAL '3 days', '1/1', '01:45:00', 12, 'Jérémie', 30, 200, 'Le Ministère Pastoral', 10, true, true, 4, true, 'Jeûne pastoral. Jérémie - L appel du prophète.', 'VALIDE', false),
    ('f4000000-0000-0000-0000-000000000003', 'd1000000-0000-0000-0000-000000000002', CURRENT_DATE - INTERVAL '7 days', '1/1', '01:00:00', 7, 'Ézéchiel', 18, 200, 'Le Ministère Pastoral', 5, true, false, 2, true, 'Ézéchiel 37 - La vallée des ossements secs.', 'VALIDE', false),
    ('f4000000-0000-0000-0000-000000000004', 'd1000000-0000-0000-0000-000000000002', CURRENT_DATE - INTERVAL '11 days', '1/1', '01:20:00', 9, 'Jean', 22, 200, 'Le Ministère Pastoral', 7, true, false, 1, true, 'Jean 17 - La prière sacerdotale.', 'VALIDE', false),
    ('f4000000-0000-0000-0000-000000000005', 'd1000000-0000-0000-0000-000000000002', CURRENT_DATE - INTERVAL '15 days', '1/1', '02:00:00', 15, 'Hébreux', 28, 150, 'Paître le Troupeau', 9, true, true, 5, true, 'Nuit de prière pour l église. Hébreux - Le souverain sacrificateur.', 'SOUMIS', false),
    ('f4000000-0000-0000-0000-000000000006', 'd1000000-0000-0000-0000-000000000002', CURRENT_DATE - INTERVAL '20 days', '1/1', '01:15:00', 8, '1 Pierre', 20, 150, 'Paître le Troupeau', 6, true, false, 3, true, '1 Pierre 5 - Paissez le troupeau de Dieu.', 'VALIDE', false),
    ('f4000000-0000-0000-0000-000000000007', 'd1000000-0000-0000-0000-000000000002', CURRENT_DATE - INTERVAL '24 days', '1/1', '01:10:00', 7, 'Apocalypse', 16, 150, 'Paître le Troupeau', 5, true, false, 2, true, 'Apocalypse 2-3 - Messages aux églises.', 'VALIDE', false) ON CONFLICT DO NOTHING;
-- Pasteur Marc Lyon (pasteur.lyon@cmci.org) - d1000000-...000003
INSERT INTO compte_rendu (id, utilisateur_id, date, rdqd, priere_seule, lecture_biblique, livre_biblique, litterature_pages, litterature_total, litterature_titre, priere_autres, confession, jeune, evangelisation, offrande, notes, statut, vu_par_fd) VALUES
    ('f4000000-0000-0000-0000-000000000010', 'd1000000-0000-0000-0000-000000000003', CURRENT_DATE - INTERVAL '2 days', '1/1', '01:20:00', 9, 'Matthieu', 22, 180, 'L Enseignement de Jésus', 7, true, false, 2, true, 'Matthieu 5-7. Le Sermon sur la Montagne. Préparation enseignement.', 'SOUMIS', false),
    ('f4000000-0000-0000-0000-000000000011', 'd1000000-0000-0000-0000-000000000003', CURRENT_DATE - INTERVAL '5 days', '1/1', '01:40:00', 11, 'Matthieu', 26, 180, 'L Enseignement de Jésus', 9, true, true, 3, true, 'Jeûne. Matthieu 13 - Les paraboles du Royaume.', 'VALIDE', false),
    ('f4000000-0000-0000-0000-000000000012', 'd1000000-0000-0000-0000-000000000003', CURRENT_DATE - INTERVAL '8 days', '1/1', '01:00:00', 6, 'Marc', 15, 180, 'L Enseignement de Jésus', 5, true, false, 1, true, 'Marc - L évangile de l action.', 'VALIDE', false),
    ('f4000000-0000-0000-0000-000000000013', 'd1000000-0000-0000-0000-000000000003', CURRENT_DATE - INTERVAL '12 days', '1/1', '01:15:00', 8, 'Luc', 20, 180, 'L Enseignement de Jésus', 6, true, false, 2, true, 'Luc 15 - Les paraboles de la grâce.', 'VALIDE', false),
    ('f4000000-0000-0000-0000-000000000014', 'd1000000-0000-0000-0000-000000000003', CURRENT_DATE - INTERVAL '16 days', '1/1', '01:30:00', 10, 'Jean', 24, 140, 'La Vie de Christ', 8, true, true, 4, true, 'Jean 1-3. Le Logos. Jeûne.', 'SOUMIS', false),
    ('f4000000-0000-0000-0000-000000000015', 'd1000000-0000-0000-0000-000000000003', CURRENT_DATE - INTERVAL '21 days', '1/1', '01:05:00', 7, 'Jean', 18, 140, 'La Vie de Christ', 5, true, false, 2, true, 'Jean 14-17. Les discours d adieu.', 'VALIDE', false),
    ('f4000000-0000-0000-0000-000000000016', 'd1000000-0000-0000-0000-000000000003', CURRENT_DATE - INTERVAL '25 days', '1/1', '00:55:00', 5, 'Jean', 14, 140, 'La Vie de Christ', 4, true, false, 1, true, 'Jean 20-21. La résurrection.', 'VALIDE', false) ON CONFLICT DO NOTHING;
-- Pasteur Joseph Bruxelles (pasteur.bruxelles@cmci.org) - d1000000-...000004
INSERT INTO compte_rendu (id, utilisateur_id, date, rdqd, priere_seule, lecture_biblique, livre_biblique, litterature_pages, litterature_total, litterature_titre, priere_autres, confession, jeune, evangelisation, offrande, notes, statut, vu_par_fd) VALUES
    ('f4000000-0000-0000-0000-000000000020', 'd1000000-0000-0000-0000-000000000004', CURRENT_DATE - INTERVAL '1 day', '1/1', '01:10:00', 7, 'Éphésiens', 18, 160, 'L Église de Christ', 6, true, false, 2, true, 'Éphésiens 1-3. Les richesses en Christ.', 'SOUMIS', false),
    ('f4000000-0000-0000-0000-000000000021', 'd1000000-0000-0000-0000-000000000004', CURRENT_DATE - INTERVAL '4 days', '1/1', '01:25:00', 9, 'Éphésiens', 22, 160, 'L Église de Christ', 7, true, true, 3, true, 'Éphésiens 4-6. La vie en Christ. Jeûne.', 'VALIDE', false),
    ('f4000000-0000-0000-0000-000000000022', 'd1000000-0000-0000-0000-000000000004', CURRENT_DATE - INTERVAL '8 days', '1/1', '00:50:00', 5, 'Colossiens', 14, 160, 'L Église de Christ', 4, true, false, 1, true, 'Colossiens - Christ au-dessus de tout.', 'VALIDE', false),
    ('f4000000-0000-0000-0000-000000000023', 'd1000000-0000-0000-0000-000000000004', CURRENT_DATE - INTERVAL '12 days', '1/1', '01:00:00', 6, '1 Thessaloniciens', 16, 160, 'L Église de Christ', 5, true, false, 0, true, '1 Thessaloniciens - L attente du retour.', 'VALIDE', false),
    ('f4000000-0000-0000-0000-000000000024', 'd1000000-0000-0000-0000-000000000004', CURRENT_DATE - INTERVAL '16 days', '1/1', '01:35:00', 10, '2 Thessaloniciens', 24, 120, 'L Eschatologie', 8, true, false, 4, true, '2 Thessaloniciens - L homme impie.', 'SOUMIS', false),
    ('f4000000-0000-0000-0000-000000000025', 'd1000000-0000-0000-0000-000000000004', CURRENT_DATE - INTERVAL '20 days', '1/1', '01:15:00', 8, 'Apocalypse', 20, 120, 'L Eschatologie', 6, true, true, 2, true, 'Apocalypse 19-22. La nouvelle Jérusalem. Jeûne.', 'VALIDE', false),
    ('f4000000-0000-0000-0000-000000000026', 'd1000000-0000-0000-0000-000000000004', CURRENT_DATE - INTERVAL '24 days', '1/1', '01:00:00', 6, 'Daniel', 15, 120, 'L Eschatologie', 5, true, false, 1, true, 'Daniel 7-12. Les prophéties.', 'VALIDE', false) ON CONFLICT DO NOTHING;
-- Pasteur Samuel Douala (pasteur.douala@cmci.org) - d1000000-...000005
INSERT INTO compte_rendu (id, utilisateur_id, date, rdqd, priere_seule, lecture_biblique, livre_biblique, litterature_pages, litterature_total, litterature_titre, priere_autres, confession, jeune, evangelisation, offrande, notes, statut, vu_par_fd) VALUES
    ('f4000000-0000-0000-0000-000000000030', 'd1000000-0000-0000-0000-000000000005', CURRENT_DATE - INTERVAL '2 days', '1/1', '01:40:00', 12, 'Actes', 25, 220, 'Le Réveil en Afrique', 9, true, false, 7, true, 'Actes 2. La Pentecôte. Préparation campagne d évangélisation.', 'SOUMIS', false),
    ('f4000000-0000-0000-0000-000000000031', 'd1000000-0000-0000-0000-000000000005', CURRENT_DATE - INTERVAL '5 days', '1/1', '02:00:00', 15, 'Actes', 35, 220, 'Le Réveil en Afrique', 10, true, true, 10, true, 'Nuit de prière pastorale. 10 âmes gagnées. Gloire à Dieu !', 'VALIDE', false),
    ('f4000000-0000-0000-0000-000000000032', 'd1000000-0000-0000-0000-000000000005', CURRENT_DATE - INTERVAL '9 days', '1/1', '01:15:00', 8, 'Romains', 18, 220, 'Le Réveil en Afrique', 6, true, false, 4, true, 'Romains 10 - Comment entendront-ils sans prédicateur ?', 'VALIDE', false),
    ('f4000000-0000-0000-0000-000000000033', 'd1000000-0000-0000-0000-000000000005', CURRENT_DATE - INTERVAL '14 days', '1/1', '01:30:00', 10, '1 Corinthiens', 22, 220, 'Le Réveil en Afrique', 8, true, false, 5, true, '1 Corinthiens 12-14. Les dons de l Esprit.', 'VALIDE', false),
    ('f4000000-0000-0000-0000-000000000034', 'd1000000-0000-0000-0000-000000000005', CURRENT_DATE - INTERVAL '18 days', '1/1', '01:50:00', 13, '2 Corinthiens', 28, 160, 'La Puissance de Dieu', 9, true, true, 8, true, '2 Corinthiens - La puissance dans la faiblesse. Jeûne.', 'SOUMIS', false),
    ('f4000000-0000-0000-0000-000000000035', 'd1000000-0000-0000-0000-000000000005', CURRENT_DATE - INTERVAL '22 days', '1/1', '01:20:00', 9, 'Galates', 20, 160, 'La Puissance de Dieu', 7, true, false, 5, true, 'Galates 5 - Le fruit de l Esprit.', 'VALIDE', false),
    ('f4000000-0000-0000-0000-000000000036', 'd1000000-0000-0000-0000-000000000005', CURRENT_DATE - INTERVAL '25 days', '1/1', '01:10:00', 7, 'Philippiens', 16, 160, 'La Puissance de Dieu', 6, true, false, 3, true, 'Philippiens 4 - Je puis tout par celui qui me fortifie.', 'VALIDE', false) ON CONFLICT DO NOTHING;
-- =====================================================
-- CRs SUPPLEMENTAIRES POUR LES FIDELES EXISTANTS
-- (étendre à 25 jours - éviter les dates déjà prises V2)
-- =====================================================

-- Paul FIDELE (d1000000-...000030) - 5 CRs supplémentaires (V2 a days 1-4)
INSERT INTO compte_rendu (id, utilisateur_id, date, rdqd, priere_seule, lecture_biblique, livre_biblique, litterature_pages, litterature_total, litterature_titre, priere_autres, confession, jeune, evangelisation, offrande, notes, statut, vu_par_fd) VALUES
    ('f5000000-0000-0000-0000-000000000001', 'd1000000-0000-0000-0000-000000000030', CURRENT_DATE - INTERVAL '6 days', '1/1', '00:50:00', 5, 'Luc', 12, 100, 'La Prière', 3, true, false, 1, true, 'Luc 11 - Enseigne-nous à prier.', 'VALIDE', true),
    ('f5000000-0000-0000-0000-000000000002', 'd1000000-0000-0000-0000-000000000030', CURRENT_DATE - INTERVAL '10 days', '1/1', '01:00:00', 7, 'Actes', 18, 120, 'La Vie en Christ', 5, true, true, 2, true, 'Actes 2 - Pentecôte. Jeûne.', 'VALIDE', true),
    ('f5000000-0000-0000-0000-000000000003', 'd1000000-0000-0000-0000-000000000030', CURRENT_DATE - INTERVAL '14 days', '1/1', '00:35:00', 3, 'Proverbes', 8, 120, 'La Vie en Christ', 2, true, false, 0, false, 'Proverbes 3 - Confie-toi en l Éternel.', 'SOUMIS', false),
    ('f5000000-0000-0000-0000-000000000004', 'd1000000-0000-0000-0000-000000000030', CURRENT_DATE - INTERVAL '18 days', '1/1', '01:15:00', 8, 'Romains', 20, 120, 'La Vie en Christ', 6, true, false, 3, true, 'Romains 8 - Plus que vainqueurs.', 'VALIDE', true),
    ('f5000000-0000-0000-0000-000000000005', 'd1000000-0000-0000-0000-000000000030', CURRENT_DATE - INTERVAL '22 days', '0/1', '00:25:00', 2, 'Psaumes', 5, NULL, NULL, 1, false, false, 0, false, 'Journée difficile. Minimum accompli.', 'BROUILLON', false) ON CONFLICT DO NOTHING;
-- Antoine LAMBERT (d1000000-...000031) - 5 CRs supplémentaires (V2 a days 1-2)
INSERT INTO compte_rendu (id, utilisateur_id, date, rdqd, priere_seule, lecture_biblique, livre_biblique, litterature_pages, litterature_total, litterature_titre, priere_autres, confession, jeune, evangelisation, offrande, notes, statut, vu_par_fd) VALUES
    ('f5000000-0000-0000-0000-000000000010', 'd1000000-0000-0000-0000-000000000031', CURRENT_DATE - INTERVAL '5 days', '1/1', '01:00:00', 6, 'Romains', 16, 200, 'Connaitre Dieu', 4, true, false, 1, true, 'Romains 12 - Le sacrifice vivant.', 'VALIDE', true),
    ('f5000000-0000-0000-0000-000000000011', 'd1000000-0000-0000-0000-000000000031', CURRENT_DATE - INTERVAL '9 days', '1/1', '01:20:00', 8, '1 Corinthiens', 22, 200, 'Connaitre Dieu', 6, true, true, 2, true, '1 Corinthiens 13. L amour. Jeûne.', 'VALIDE', true),
    ('f5000000-0000-0000-0000-000000000012', 'd1000000-0000-0000-0000-000000000031', CURRENT_DATE - INTERVAL '13 days', '1/1', '00:45:00', 4, 'Éphésiens', 12, 200, 'Connaitre Dieu', 3, true, false, 0, true, 'Éphésiens 2 - Sauvés par grâce.', 'SOUMIS', false),
    ('f5000000-0000-0000-0000-000000000013', 'd1000000-0000-0000-0000-000000000031', CURRENT_DATE - INTERVAL '17 days', '1/1', '00:55:00', 5, 'Philippiens', 14, 150, 'La Sanctification', 4, true, false, 1, true, 'Philippiens 3 - Courir vers le but.', 'VALIDE', true),
    ('f5000000-0000-0000-0000-000000000014', 'd1000000-0000-0000-0000-000000000031', CURRENT_DATE - INTERVAL '21 days', '1/1', '01:10:00', 7, 'Colossiens', 18, 150, 'La Sanctification', 5, true, false, 2, true, 'Colossiens 3 - Cherchez les choses d en haut.', 'VALIDE', true) ON CONFLICT DO NOTHING;
-- Julie DUBOIS (d1000000-...000032) - 5 CRs supplémentaires (V2 a day 1)
INSERT INTO compte_rendu (id, utilisateur_id, date, rdqd, priere_seule, lecture_biblique, livre_biblique, litterature_pages, litterature_total, litterature_titre, priere_autres, confession, jeune, evangelisation, offrande, notes, statut, vu_par_fd) VALUES
    ('f5000000-0000-0000-0000-000000000020', 'd1000000-0000-0000-0000-000000000032', CURRENT_DATE - INTERVAL '4 days', '1/1', '00:40:00', 4, 'Proverbes', 10, 80, 'La Femme Vertueuse', 3, true, false, 1, true, 'Proverbes 31 - La femme vertueuse.', 'VALIDE', true),
    ('f5000000-0000-0000-0000-000000000021', 'd1000000-0000-0000-0000-000000000032', CURRENT_DATE - INTERVAL '8 days', '1/1', '00:55:00', 6, 'Ruth', 14, 80, 'La Femme Vertueuse', 4, true, true, 0, true, 'Ruth - La loyauté et la foi. Jeûne.', 'VALIDE', true),
    ('f5000000-0000-0000-0000-000000000022', 'd1000000-0000-0000-0000-000000000032', CURRENT_DATE - INTERVAL '12 days', '1/1', '00:35:00', 3, 'Psaumes', 8, 80, 'La Femme Vertueuse', 2, true, false, 1, true, 'Psaumes 139 - Tu m as sondé.', 'SOUMIS', false),
    ('f5000000-0000-0000-0000-000000000023', 'd1000000-0000-0000-0000-000000000032', CURRENT_DATE - INTERVAL '16 days', '1/1', '01:00:00', 5, 'Esther', 12, 100, 'Les Femmes de la Bible', 4, true, false, 2, true, 'Esther - Pour un temps comme celui-ci.', 'VALIDE', true),
    ('f5000000-0000-0000-0000-000000000024', 'd1000000-0000-0000-0000-000000000032', CURRENT_DATE - INTERVAL '20 days', '0/1', '00:20:00', 2, 'Psaumes', 5, NULL, NULL, 1, false, false, 0, false, 'Journée chargée. Peu de temps.', 'BROUILLON', false) ON CONFLICT DO NOTHING;
-- Lucas MARTINEZ (d1000000-...000033) - 5 CRs
INSERT INTO compte_rendu (id, utilisateur_id, date, rdqd, priere_seule, lecture_biblique, livre_biblique, litterature_pages, litterature_total, litterature_titre, priere_autres, confession, jeune, evangelisation, offrande, notes, statut, vu_par_fd) VALUES
    ('f5000000-0000-0000-0000-000000000030', 'd1000000-0000-0000-0000-000000000033', CURRENT_DATE - INTERVAL '1 day', '1/1', '00:45:00', 5, 'Jean', 12, 120, 'L Évangile de Jean', 3, true, false, 1, true, 'Jean 3 - Naître de nouveau.', 'SOUMIS', false),
    ('f5000000-0000-0000-0000-000000000031', 'd1000000-0000-0000-0000-000000000033', CURRENT_DATE - INTERVAL '5 days', '1/1', '01:00:00', 6, 'Jean', 16, 120, 'L Évangile de Jean', 5, true, true, 2, true, 'Jean 6 - Le pain de vie. Jeûne.', 'VALIDE', true),
    ('f5000000-0000-0000-0000-000000000032', 'd1000000-0000-0000-0000-000000000033', CURRENT_DATE - INTERVAL '10 days', '1/1', '00:50:00', 4, 'Jean', 10, 120, 'L Évangile de Jean', 4, true, false, 0, true, 'Jean 10 - Le bon berger.', 'VALIDE', true),
    ('f5000000-0000-0000-0000-000000000033', 'd1000000-0000-0000-0000-000000000033', CURRENT_DATE - INTERVAL '15 days', '1/1', '00:35:00', 3, 'Jean', 8, 120, 'L Évangile de Jean', 2, true, false, 1, false, 'Jean 15 - La vigne et les sarments.', 'SOUMIS', false),
    ('f5000000-0000-0000-0000-000000000034', 'd1000000-0000-0000-0000-000000000033', CURRENT_DATE - INTERVAL '20 days', '1/1', '01:10:00', 7, 'Jean', 18, 120, 'L Évangile de Jean', 5, true, false, 2, true, 'Jean 17 - La prière de Jésus.', 'VALIDE', true) ON CONFLICT DO NOTHING;
-- Emma GARCIA (d1000000-...000034) - 5 CRs
INSERT INTO compte_rendu (id, utilisateur_id, date, rdqd, priere_seule, lecture_biblique, livre_biblique, litterature_pages, litterature_total, litterature_titre, priere_autres, confession, jeune, evangelisation, offrande, notes, statut, vu_par_fd) VALUES
    ('f5000000-0000-0000-0000-000000000040', 'd1000000-0000-0000-0000-000000000034', CURRENT_DATE - INTERVAL '2 days', '1/1', '00:50:00', 5, 'Luc', 14, 90, 'La Grâce de Dieu', 4, true, false, 1, true, 'Luc 15 - La brebis perdue.', 'SOUMIS', false),
    ('f5000000-0000-0000-0000-000000000041', 'd1000000-0000-0000-0000-000000000034', CURRENT_DATE - INTERVAL '6 days', '1/1', '01:05:00', 7, 'Luc', 18, 90, 'La Grâce de Dieu', 5, true, false, 2, true, 'Luc 10 - Le bon Samaritain.', 'VALIDE', true),
    ('f5000000-0000-0000-0000-000000000042', 'd1000000-0000-0000-0000-000000000034', CURRENT_DATE - INTERVAL '11 days', '1/1', '00:40:00', 4, 'Luc', 10, 90, 'La Grâce de Dieu', 3, true, true, 0, true, 'Luc 18 - La veuve et le juge. Jeûne.', 'VALIDE', true),
    ('f5000000-0000-0000-0000-000000000043', 'd1000000-0000-0000-0000-000000000034', CURRENT_DATE - INTERVAL '16 days', '1/1', '00:55:00', 5, 'Luc', 14, 90, 'La Grâce de Dieu', 4, true, false, 1, true, 'Luc 24 - La résurrection.', 'VALIDE', true),
    ('f5000000-0000-0000-0000-000000000044', 'd1000000-0000-0000-0000-000000000034', CURRENT_DATE - INTERVAL '22 days', '0/1', '00:15:00', 1, 'Psaumes', 3, NULL, NULL, 0, false, false, 0, false, 'Malade. Très peu de temps.', 'BROUILLON', false) ON CONFLICT DO NOTHING;
-- Nathan THOMAS (d1000000-...000035) - 5 CRs (V2 a day 0 => no V2 CR actually, V2 has no CR for Nathan except implicit)
INSERT INTO compte_rendu (id, utilisateur_id, date, rdqd, priere_seule, lecture_biblique, livre_biblique, litterature_pages, litterature_total, litterature_titre, priere_autres, confession, jeune, evangelisation, offrande, notes, statut, vu_par_fd) VALUES
    ('f5000000-0000-0000-0000-000000000050', 'd1000000-0000-0000-0000-000000000035', CURRENT_DATE - INTERVAL '1 day', '1/1', '01:00:00', 6, 'Hébreux', 15, 110, 'La Foi Vivante', 4, true, false, 2, true, 'Hébreux 11 - Les héros de la foi.', 'SOUMIS', false),
    ('f5000000-0000-0000-0000-000000000051', 'd1000000-0000-0000-0000-000000000035', CURRENT_DATE - INTERVAL '5 days', '1/1', '01:15:00', 8, 'Hébreux', 20, 110, 'La Foi Vivante', 6, true, true, 1, true, 'Hébreux 12 - Courons avec persévérance. Jeûne.', 'VALIDE', true),
    ('f5000000-0000-0000-0000-000000000052', 'd1000000-0000-0000-0000-000000000035', CURRENT_DATE - INTERVAL '10 days', '1/1', '00:45:00', 4, 'Jacques', 12, 110, 'La Foi Vivante', 3, true, false, 0, true, 'Jacques 1 - La sagesse d en haut.', 'VALIDE', true),
    ('f5000000-0000-0000-0000-000000000053', 'd1000000-0000-0000-0000-000000000035', CURRENT_DATE - INTERVAL '15 days', '1/1', '00:55:00', 5, 'Jacques', 14, 110, 'La Foi Vivante', 4, true, false, 2, true, 'Jacques 2 - La foi sans les oeuvres.', 'SOUMIS', false),
    ('f5000000-0000-0000-0000-000000000054', 'd1000000-0000-0000-0000-000000000035', CURRENT_DATE - INTERVAL '20 days', '1/1', '01:05:00', 7, '1 Pierre', 16, 110, 'La Foi Vivante', 5, true, false, 1, true, '1 Pierre 2 - Pierres vivantes.', 'VALIDE', true) ON CONFLICT DO NOTHING;
-- Camille FAURE Lyon (d1000000-...000036) - 5 CRs supplémentaires (V2 a day 1)
INSERT INTO compte_rendu (id, utilisateur_id, date, rdqd, priere_seule, lecture_biblique, livre_biblique, litterature_pages, litterature_total, litterature_titre, priere_autres, confession, jeune, evangelisation, offrande, notes, statut, vu_par_fd) VALUES
    ('f5000000-0000-0000-0000-000000000060', 'd1000000-0000-0000-0000-000000000036', CURRENT_DATE - INTERVAL '4 days', '1/1', '00:50:00', 5, '1 Corinthiens', 14, 80, 'La Vie Spirituelle', 4, true, false, 1, true, '1 Corinthiens 13 - L amour parfait.', 'VALIDE', true),
    ('f5000000-0000-0000-0000-000000000061', 'd1000000-0000-0000-0000-000000000036', CURRENT_DATE - INTERVAL '8 days', '1/1', '01:00:00', 7, '2 Corinthiens', 18, 80, 'La Vie Spirituelle', 5, true, true, 2, true, '2 Corinthiens 4 - Trésor dans des vases. Jeûne.', 'VALIDE', true),
    ('f5000000-0000-0000-0000-000000000062', 'd1000000-0000-0000-0000-000000000036', CURRENT_DATE - INTERVAL '13 days', '1/1', '00:40:00', 3, 'Galates', 10, 80, 'La Vie Spirituelle', 2, true, false, 0, true, 'Galates 5 - Le fruit de l Esprit.', 'SOUMIS', false),
    ('f5000000-0000-0000-0000-000000000063', 'd1000000-0000-0000-0000-000000000036', CURRENT_DATE - INTERVAL '18 days', '1/1', '01:10:00', 6, 'Éphésiens', 16, 120, 'La Marche Chrétienne', 4, true, false, 1, true, 'Éphésiens 5 - Marcher comme des enfants de lumière.', 'VALIDE', true),
    ('f5000000-0000-0000-0000-000000000064', 'd1000000-0000-0000-0000-000000000036', CURRENT_DATE - INTERVAL '23 days', '1/1', '00:55:00', 5, 'Philippiens', 13, 120, 'La Marche Chrétienne', 3, true, false, 2, true, 'Philippiens 4 - Ne vous inquiétez de rien.', 'VALIDE', true) ON CONFLICT DO NOTHING;
-- David FOTSO Douala (d1000000-...000037) - 5 CRs supplémentaires (V2 a days 1-2)
INSERT INTO compte_rendu (id, utilisateur_id, date, rdqd, priere_seule, lecture_biblique, livre_biblique, litterature_pages, litterature_total, litterature_titre, priere_autres, confession, jeune, evangelisation, offrande, notes, statut, vu_par_fd) VALUES
    ('f5000000-0000-0000-0000-000000000070', 'd1000000-0000-0000-0000-000000000037', CURRENT_DATE - INTERVAL '5 days', '1/1', '01:20:00', 9, 'Actes', 22, 150, 'La Marche Chrétienne', 7, true, false, 4, true, 'Actes 4 - La hardiesse des apôtres.', 'VALIDE', true),
    ('f5000000-0000-0000-0000-000000000071', 'd1000000-0000-0000-0000-000000000037', CURRENT_DATE - INTERVAL '9 days', '1/1', '01:40:00', 11, 'Actes', 28, 150, 'La Marche Chrétienne', 9, true, true, 6, true, 'Nuit de prière. Actes 10 - Corneille. Jeûne.', 'VALIDE', true),
    ('f5000000-0000-0000-0000-000000000072', 'd1000000-0000-0000-0000-000000000037', CURRENT_DATE - INTERVAL '14 days', '1/1', '01:00:00', 7, 'Romains', 16, 150, 'La Marche Chrétienne', 5, true, false, 3, true, 'Romains 1 - L évangile puissance de Dieu.', 'SOUMIS', false),
    ('f5000000-0000-0000-0000-000000000073', 'd1000000-0000-0000-0000-000000000037', CURRENT_DATE - INTERVAL '19 days', '1/1', '01:30:00', 10, '1 Corinthiens', 24, 180, 'La Puissance de la Croix', 8, true, false, 5, true, '1 Corinthiens 1 - La folie de la prédication.', 'VALIDE', true),
    ('f5000000-0000-0000-0000-000000000074', 'd1000000-0000-0000-0000-000000000037', CURRENT_DATE - INTERVAL '24 days', '1/1', '01:15:00', 8, '2 Corinthiens', 20, 180, 'La Puissance de la Croix', 6, true, true, 4, true, '2 Corinthiens 12 - Ma grâce te suffit.', 'VALIDE', true) ON CONFLICT DO NOTHING;
-- Esther TAMBA (d1000000-...000038) - 5 CRs supplémentaires (V2 a day 1)
INSERT INTO compte_rendu (id, utilisateur_id, date, rdqd, priere_seule, lecture_biblique, livre_biblique, litterature_pages, litterature_total, litterature_titre, priere_autres, confession, jeune, evangelisation, offrande, notes, statut, vu_par_fd) VALUES
    ('f5000000-0000-0000-0000-000000000080', 'd1000000-0000-0000-0000-000000000038', CURRENT_DATE - INTERVAL '4 days', '1/1', '01:00:00', 6, 'Éphésiens', 15, 100, 'La Femme Chrétienne', 4, true, false, 2, true, 'Éphésiens 5 - Le mariage chrétien.', 'VALIDE', true),
    ('f5000000-0000-0000-0000-000000000081', 'd1000000-0000-0000-0000-000000000038', CURRENT_DATE - INTERVAL '8 days', '1/1', '01:15:00', 8, 'Philippiens', 20, 100, 'La Femme Chrétienne', 6, true, true, 1, true, 'Philippiens 2 - L humilité de Christ. Jeûne.', 'VALIDE', true),
    ('f5000000-0000-0000-0000-000000000082', 'd1000000-0000-0000-0000-000000000038', CURRENT_DATE - INTERVAL '12 days', '1/1', '00:45:00', 4, 'Colossiens', 10, 100, 'La Femme Chrétienne', 3, true, false, 0, true, 'Colossiens 3 - Revêtir l homme nouveau.', 'SOUMIS', false),
    ('f5000000-0000-0000-0000-000000000083', 'd1000000-0000-0000-0000-000000000038', CURRENT_DATE - INTERVAL '17 days', '1/1', '00:55:00', 5, '1 Thessaloniciens', 14, 80, 'Vivre pour Christ', 4, true, false, 3, true, '1 Thessaloniciens 5 - Priez sans cesse.', 'VALIDE', true),
    ('f5000000-0000-0000-0000-000000000084', 'd1000000-0000-0000-0000-000000000038', CURRENT_DATE - INTERVAL '22 days', '1/1', '01:05:00', 7, '1 Jean', 16, 80, 'Vivre pour Christ', 5, true, false, 2, true, '1 Jean 4 - Dieu est amour.', 'VALIDE', true) ON CONFLICT DO NOTHING;
-- =====================================================
-- CRs POUR LES NOUVEAUX FIDELES
-- =====================================================

-- Daniel NGOMA (d1000000-...000043) sous FD Marie - 5 CRs
INSERT INTO compte_rendu (id, utilisateur_id, date, rdqd, priere_seule, lecture_biblique, livre_biblique, litterature_pages, litterature_total, litterature_titre, priere_autres, confession, jeune, evangelisation, offrande, notes, statut, vu_par_fd) VALUES
    ('f6000000-0000-0000-0000-000000000001', 'd1000000-0000-0000-0000-000000000043', CURRENT_DATE - INTERVAL '1 day', '1/1', '00:40:00', 4, 'Marc', 10, 90, 'Le Discipulat', 3, true, false, 1, true, 'Marc 1 - Le début du ministère de Jésus.', 'SOUMIS', false),
    ('f6000000-0000-0000-0000-000000000002', 'd1000000-0000-0000-0000-000000000043', CURRENT_DATE - INTERVAL '5 days', '1/1', '00:55:00', 6, 'Marc', 14, 90, 'Le Discipulat', 4, true, false, 2, true, 'Marc 4 - Les paraboles.', 'VALIDE', true),
    ('f6000000-0000-0000-0000-000000000003', 'd1000000-0000-0000-0000-000000000043', CURRENT_DATE - INTERVAL '10 days', '1/1', '00:50:00', 5, 'Marc', 12, 90, 'Le Discipulat', 3, true, true, 0, true, 'Marc 8 - Qui dites-vous que je suis ? Jeûne.', 'VALIDE', true),
    ('f6000000-0000-0000-0000-000000000004', 'd1000000-0000-0000-0000-000000000043', CURRENT_DATE - INTERVAL '15 days', '1/1', '01:00:00', 7, 'Marc', 16, 90, 'Le Discipulat', 5, true, false, 1, true, 'Marc 10 - Le jeune homme riche.', 'SOUMIS', false),
    ('f6000000-0000-0000-0000-000000000005', 'd1000000-0000-0000-0000-000000000043', CURRENT_DATE - INTERVAL '20 days', '1/1', '00:45:00', 4, 'Marc', 10, 90, 'Le Discipulat', 3, true, false, 2, true, 'Marc 14-16 - La passion et la résurrection.', 'VALIDE', true) ON CONFLICT DO NOTHING;
-- Grâce KOUASSI (d1000000-...000040) SANS FD - 4 CRs
INSERT INTO compte_rendu (id, utilisateur_id, date, rdqd, priere_seule, lecture_biblique, livre_biblique, litterature_pages, litterature_total, litterature_titre, priere_autres, confession, jeune, evangelisation, offrande, notes, statut, vu_par_fd) VALUES
    ('f6000000-0000-0000-0000-000000000010', 'd1000000-0000-0000-0000-000000000040', CURRENT_DATE - INTERVAL '2 days', '1/1', '00:35:00', 3, 'Genèse', 8, 60, 'Les Bases de la Foi', 2, true, false, 0, true, 'Genèse 1-3. La création.', 'SOUMIS', false),
    ('f6000000-0000-0000-0000-000000000011', 'd1000000-0000-0000-0000-000000000040', CURRENT_DATE - INTERVAL '7 days', '1/1', '00:45:00', 4, 'Genèse', 12, 60, 'Les Bases de la Foi', 3, true, false, 1, true, 'Genèse 12 - L appel d Abraham.', 'VALIDE', false),
    ('f6000000-0000-0000-0000-000000000012', 'd1000000-0000-0000-0000-000000000040', CURRENT_DATE - INTERVAL '13 days', '1/1', '00:50:00', 5, 'Exode', 14, 60, 'Les Bases de la Foi', 4, true, true, 0, true, 'Exode 14 - La traversée de la Mer Rouge. Jeûne.', 'VALIDE', false),
    ('f6000000-0000-0000-0000-000000000013', 'd1000000-0000-0000-0000-000000000040', CURRENT_DATE - INTERVAL '19 days', '0/1', '00:20:00', 2, 'Psaumes', 5, NULL, NULL, 1, false, false, 0, false, 'Journée difficile.', 'BROUILLON', false) ON CONFLICT DO NOTHING;
-- Michel NDONG (d1000000-...000041) SANS FD Lyon - 3 CRs
INSERT INTO compte_rendu (id, utilisateur_id, date, rdqd, priere_seule, lecture_biblique, livre_biblique, litterature_pages, litterature_total, litterature_titre, priere_autres, confession, jeune, evangelisation, offrande, notes, statut, vu_par_fd) VALUES
    ('f6000000-0000-0000-0000-000000000020', 'd1000000-0000-0000-0000-000000000041', CURRENT_DATE - INTERVAL '3 days', '1/1', '00:30:00', 3, 'Jean', 8, 70, 'Nouveau Croyant', 2, true, false, 0, true, 'Jean 1 - Au commencement était la Parole.', 'SOUMIS', false),
    ('f6000000-0000-0000-0000-000000000021', 'd1000000-0000-0000-0000-000000000041', CURRENT_DATE - INTERVAL '10 days', '1/1', '00:40:00', 4, 'Jean', 10, 70, 'Nouveau Croyant', 3, true, false, 1, true, 'Jean 3 - Il faut naître de nouveau.', 'VALIDE', false),
    ('f6000000-0000-0000-0000-000000000022', 'd1000000-0000-0000-0000-000000000041', CURRENT_DATE - INTERVAL '18 days', '1/1', '00:45:00', 5, 'Jean', 12, 70, 'Nouveau Croyant', 3, true, false, 0, true, 'Jean 4 - La Samaritaine.', 'VALIDE', false) ON CONFLICT DO NOTHING;
-- Sarah PATEL (d1000000-...000042) SANS FD Bruxelles - 3 CRs
INSERT INTO compte_rendu (id, utilisateur_id, date, rdqd, priere_seule, lecture_biblique, livre_biblique, litterature_pages, litterature_total, litterature_titre, priere_autres, confession, jeune, evangelisation, offrande, notes, statut, vu_par_fd) VALUES
    ('f6000000-0000-0000-0000-000000000030', 'd1000000-0000-0000-0000-000000000042', CURRENT_DATE - INTERVAL '2 days', '1/1', '00:35:00', 3, 'Matthieu', 8, 50, 'Premier Pas', 2, true, false, 0, true, 'Matthieu 1-4. La naissance et le baptême de Jésus.', 'SOUMIS', false),
    ('f6000000-0000-0000-0000-000000000031', 'd1000000-0000-0000-0000-000000000042', CURRENT_DATE - INTERVAL '9 days', '1/1', '00:40:00', 4, 'Matthieu', 10, 50, 'Premier Pas', 3, true, false, 1, true, 'Matthieu 5-7. Le sermon sur la montagne.', 'VALIDE', false),
    ('f6000000-0000-0000-0000-000000000032', 'd1000000-0000-0000-0000-000000000042', CURRENT_DATE - INTERVAL '16 days', '1/1', '00:50:00', 5, 'Matthieu', 12, 50, 'Premier Pas', 4, true, true, 0, true, 'Matthieu 13. Les paraboles. Jeûne.', 'VALIDE', false) ON CONFLICT DO NOTHING;
-- =====================================================
-- COMMENTAIRES SUPPLEMENTAIRES (~30)
-- =====================================================

-- FD Marie commentant les CRs de ses fidèles (Daniel, Paul complémentaires)
INSERT INTO commentaire_cr (id, compte_rendu_id, auteur_id, contenu) VALUES
    ('c0200000-0000-0000-0000-000000000001', 'f6000000-0000-0000-0000-000000000002', 'd1000000-0000-0000-0000-000000000020', 'Bien Daniel ! Ta régularité dans la lecture de Marc est encourageante. Continue à approfondir.'),
    ('c0200000-0000-0000-0000-000000000002', 'f6000000-0000-0000-0000-000000000005', 'd1000000-0000-0000-0000-000000000020', 'Excellent parcours de Marc ! La passion et la résurrection sont au coeur de notre foi.'),
    ('c0200000-0000-0000-0000-000000000003', 'f5000000-0000-0000-0000-000000000001', 'd1000000-0000-0000-0000-000000000020', 'Paul, la prière est le fondement. Luc 11 est un passage clé. Continue ainsi !'),
    ('c0200000-0000-0000-0000-000000000004', 'f5000000-0000-0000-0000-000000000002', 'd1000000-0000-0000-0000-000000000020', 'Le jeûne et la Pentecôte - quelle combinaison puissante ! Sois béni.') ON CONFLICT DO NOTHING;
-- FD Sophie commentant ses fidèles (Lucas, Emma)
INSERT INTO commentaire_cr (id, compte_rendu_id, auteur_id, contenu) VALUES
    ('c0200000-0000-0000-0000-000000000010', 'f5000000-0000-0000-0000-000000000031', 'd1000000-0000-0000-0000-000000000021', 'Lucas, Jean 6 et le jeûne - tu nourris ton âme du vrai pain. Bravo !'),
    ('c0200000-0000-0000-0000-000000000011', 'f5000000-0000-0000-0000-000000000040', 'd1000000-0000-0000-0000-000000000021', 'Emma, la parabole de la brebis perdue nous rappelle l amour de Dieu. Bel effort.'),
    ('c0200000-0000-0000-0000-000000000012', 'f5000000-0000-0000-0000-000000000041', 'd1000000-0000-0000-0000-000000000021', 'Le bon Samaritain - un modèle pour nous tous. Continue ta marche avec le Seigneur.') ON CONFLICT DO NOTHING;
-- FD Claire commentant Nathan
INSERT INTO commentaire_cr (id, compte_rendu_id, auteur_id, contenu) VALUES
    ('c0200000-0000-0000-0000-000000000020', 'f5000000-0000-0000-0000-000000000051', 'd1000000-0000-0000-0000-000000000022', 'Nathan, Hébreux 12 et la persévérance ! Ton jeûne montre ta consécration.'),
    ('c0200000-0000-0000-0000-000000000021', 'f5000000-0000-0000-0000-000000000050', 'd1000000-0000-0000-0000-000000000022', 'Les héros de la foi dans Hébreux 11 - un chapitre inspirant. Bien !') ON CONFLICT DO NOTHING;
-- FD Isabelle commentant Camille (Lyon)
INSERT INTO commentaire_cr (id, compte_rendu_id, auteur_id, contenu) VALUES
    ('c0200000-0000-0000-0000-000000000030', 'f5000000-0000-0000-0000-000000000060', 'd1000000-0000-0000-0000-000000000023', 'Camille, 1 Corinthiens 13 est le chapitre de l amour par excellence. Belle méditation.'),
    ('c0200000-0000-0000-0000-000000000031', 'f5000000-0000-0000-0000-000000000061', 'd1000000-0000-0000-0000-000000000023', 'Trésor dans des vases d argile - quelle vérité profonde ! Le jeûne fortifie ta foi.') ON CONFLICT DO NOTHING;
-- FD Ruth commentant David et Esther (Douala)
INSERT INTO commentaire_cr (id, compte_rendu_id, auteur_id, contenu) VALUES
    ('c0200000-0000-0000-0000-000000000040', 'f5000000-0000-0000-0000-000000000070', 'd1000000-0000-0000-0000-000000000024', 'David, la hardiesse des apôtres dans Actes 4 est un modèle pour notre évangélisation ici à Douala.'),
    ('c0200000-0000-0000-0000-000000000041', 'f5000000-0000-0000-0000-000000000071', 'd1000000-0000-0000-0000-000000000024', 'Nuit de prière et 6 personnes évangélisées ! Le Seigneur agit puissamment à travers toi.'),
    ('c0200000-0000-0000-0000-000000000042', 'f5000000-0000-0000-0000-000000000080', 'd1000000-0000-0000-0000-000000000024', 'Esther, le mariage chrétien selon Éphésiens 5 est un enseignement fondamental. Bien.'),
    ('c0200000-0000-0000-0000-000000000043', 'f5000000-0000-0000-0000-000000000081', 'd1000000-0000-0000-0000-000000000024', 'L humilité de Christ dans Philippiens 2 est notre modèle. Ton jeûne est un sacrifice agréable.') ON CONFLICT DO NOTHING;
-- Leaders commentant les CRs dans leur église de maison
INSERT INTO commentaire_cr (id, compte_rendu_id, auteur_id, contenu) VALUES
    -- Leader Pierre (EM Paris 11ème) commentant des CRs de fidèles de son EM
    ('c0200000-0000-0000-0000-000000000050', 'f5000000-0000-0000-0000-000000000030', 'd1000000-0000-0000-0000-000000000010', 'Lucas, Jean 3 est le passage fondamental de la nouvelle naissance. Tu grandis bien dans la foi.'),
    ('c0200000-0000-0000-0000-000000000051', 'f6000000-0000-0000-0000-000000000001', 'd1000000-0000-0000-0000-000000000010', 'Daniel, bienvenue dans notre EM ! Marc est un excellent point de départ pour ta lecture.'),
    ('c0200000-0000-0000-0000-000000000052', 'f5000000-0000-0000-0000-000000000004', 'd1000000-0000-0000-0000-000000000010', 'Paul, Romains 8 - "Plus que vainqueurs" ! C est la confession de tout chrétien victorieux.'),
    -- Leader Philippe Lyon commentant
    ('c0200000-0000-0000-0000-000000000053', 'f5000000-0000-0000-0000-000000000063', 'd1000000-0000-0000-0000-000000000013', 'Camille, marcher comme des enfants de lumière - quelle belle application d Éphésiens 5.'),
    -- Leader Luc Bruxelles commentant
    ('c0200000-0000-0000-0000-000000000054', 'f6000000-0000-0000-0000-000000000030', 'd1000000-0000-0000-0000-000000000014', 'Sarah, bienvenue ! Matthieu est un excellent choix pour commencer la lecture des évangiles.'),
    -- Leader Emmanuel Douala commentant
    ('c0200000-0000-0000-0000-000000000055', 'f5000000-0000-0000-0000-000000000073', 'd1000000-0000-0000-0000-000000000015', 'David, 1 Corinthiens 1 et la folie de la prédication - c est notre arme ! 5 âmes touchées, gloire à Dieu.') ON CONFLICT DO NOTHING;
-- Pasteurs commentant des CRs
INSERT INTO commentaire_cr (id, compte_rendu_id, auteur_id, contenu) VALUES
    -- Pasteur Jean (Paris) commentant des CRs de son église locale
    ('c0200000-0000-0000-0000-000000000060', 'f5000000-0000-0000-0000-000000000002', 'd1000000-0000-0000-0000-000000000002', 'Paul, ta croissance spirituelle est remarquable. Actes 2 et la Pentecôte - c est la puissance dont nous avons besoin.'),
    ('c0200000-0000-0000-0000-000000000061', 'f5000000-0000-0000-0000-000000000011', 'd1000000-0000-0000-0000-000000000002', 'Antoine, 1 Corinthiens 13 est le chapitre qui doit gouverner toute notre vie. Belle consécration avec le jeûne.'),
    -- Pasteur Marc (Lyon) commentant
    ('c0200000-0000-0000-0000-000000000062', 'f5000000-0000-0000-0000-000000000061', 'd1000000-0000-0000-0000-000000000003', 'Camille, "trésor dans des vases d argile" - c est exactement cela. Le Seigneur utilise notre faiblesse.'),
    -- Pasteur Joseph (Bruxelles) commentant
    ('c0200000-0000-0000-0000-000000000063', 'f6000000-0000-0000-0000-000000000031', 'd1000000-0000-0000-0000-000000000004', 'Sarah, le sermon sur la montagne est le coeur de l enseignement de Jésus. Continue ta lecture avec persévérance.'),
    -- Pasteur Samuel (Douala) commentant
    ('c0200000-0000-0000-0000-000000000064', 'f5000000-0000-0000-0000-000000000074', 'd1000000-0000-0000-0000-000000000005', 'David, "Ma grâce te suffit" - 2 Corinthiens 12 est un pilier. Ton zèle est un exemple pour toute l église de Douala.') ON CONFLICT DO NOTHING;